-- supabase/seed.sql -- GENERATED by scripts/generate-seed-sql.ts. DO NOT HAND-EDIT.
-- Regenerate with: npx tsx scripts/generate-seed-sql.ts
-- Source of truth: lib/seed.ts (seedReports/seedDailyReports/seedProjects).
--
-- Applied automatically by `supabase start` / `supabase db reset` (see
-- supabase/config.toml [db.seed]) AFTER every migration in
-- supabase/migrations/ runs, so every table/column/RLS policy referenced
-- below already exists by the time this file runs.
--
-- Seeds two fixed-UUID local auth users so RLS-as-a-different-user testing
-- is cheap (both scripts and password sign-in work, even though the app's
-- own UI is magic-link-only):
--   - dev@foundationfirst.test    (admin: raw_app_meta_data.role = 'admin')
--   - member@foundationfirst.test (plain member, no role)
-- Local dev password for BOTH: 'local-dev-password'.
--
-- CAVEAT: raw auth.users/auth.identities inserts are a community-standard
-- local-dev pattern, not an official Supabase API. Verify the login E2E
-- after every `supabase db reset`; if a future CLI's GoTrue schema breaks
-- this insert, fall back to a post-reset script hitting the local Auth
-- admin API (POST {API_URL}/auth/v1/admin/users with the service-role key).
-- Local-only either way.

-- ---------------------------------------------------------------------------
-- Local dev users
-- ---------------------------------------------------------------------------

insert into auth.users (
  instance_id, id, aud, role, email, encrypted_password, email_confirmed_at,
  raw_app_meta_data, raw_user_meta_data, created_at, updated_at,
  confirmation_token, recovery_token, email_change_token_new, email_change,
  is_sso_user, is_anonymous
) values (
  '00000000-0000-0000-0000-000000000000',
  '00000000-0000-0000-0000-000000000001',
  'authenticated',
  'authenticated',
  'dev@foundationfirst.test',
  extensions.crypt('local-dev-password', extensions.gen_salt('bf')),
  now(),
  '{"provider":"email","providers":["email"],"role":"admin"}'::jsonb,
  '{}'::jsonb,
  now(), now(),
  '', '', '', '',
  false, false
) on conflict (id) do nothing;

insert into auth.identities (
  id, provider_id, user_id, identity_data, provider, last_sign_in_at, created_at, updated_at
) values (
  gen_random_uuid(),
  '00000000-0000-0000-0000-000000000001',
  '00000000-0000-0000-0000-000000000001',
  jsonb_build_object('sub', '00000000-0000-0000-0000-000000000001', 'email', 'dev@foundationfirst.test', 'email_verified', true),
  'email',
  now(), now(), now()
) on conflict (provider_id, provider) do nothing;

insert into auth.users (
  instance_id, id, aud, role, email, encrypted_password, email_confirmed_at,
  raw_app_meta_data, raw_user_meta_data, created_at, updated_at,
  confirmation_token, recovery_token, email_change_token_new, email_change,
  is_sso_user, is_anonymous
) values (
  '00000000-0000-0000-0000-000000000000',
  '00000000-0000-0000-0000-000000000002',
  'authenticated',
  'authenticated',
  'member@foundationfirst.test',
  extensions.crypt('local-dev-password', extensions.gen_salt('bf')),
  now(),
  '{"provider":"email","providers":["email"]}'::jsonb,
  '{}'::jsonb,
  now(), now(),
  '', '', '', '',
  false, false
) on conflict (id) do nothing;

insert into auth.identities (
  id, provider_id, user_id, identity_data, provider, last_sign_in_at, created_at, updated_at
) values (
  gen_random_uuid(),
  '00000000-0000-0000-0000-000000000002',
  '00000000-0000-0000-0000-000000000002',
  jsonb_build_object('sub', '00000000-0000-0000-0000-000000000002', 'email', 'member@foundationfirst.test', 'email_verified', true),
  'email',
  now(), now(), now()
) on conflict (provider_id, provider) do nothing;

-- ---------------------------------------------------------------------------
-- Projects (lib/seed.ts seedProjects())
-- ---------------------------------------------------------------------------

insert into projects (id, name) values
  ('helitech-foundation-waterproofing', 'Helitech Foundation & Waterproofing'),
  ('dryroot-waterproofing', 'DryRoot Waterproofing'),
  ('summit-basement-solutions', 'Summit Basement Solutions'),
  ('terrafirm-foundation-repair', 'TerraFirm Foundation Repair')
on conflict (id) do nothing;

-- ---------------------------------------------------------------------------
-- Reports (7 weekly + 5 daily, lib/seed.ts seedReports()/seedDailyReports()),
-- all owned by the dev admin (owner_id = 00000000-0000-0000-0000-000000000001).
-- ---------------------------------------------------------------------------

-- Report r1 (weekly)
insert into reports (
  id, kind, week_start, week_end, report_date, status, prepared_for, prepared_by,
  summary_narrative, win_stat, win_label, win_narrative,
  touchpoint_calls, touchpoint_emails, touchpoint_escalations, touchpoints_narrative,
  created_at, updated_at, project_id, owner_id
) values (
  'r1', 'weekly', '2026-06-01', '2026-06-05', null, 'Sent',
  'Christene, Founder', 'Jordan Reyes, Project Manager', 'Strong opening week across all four accounts. Summit’s onboarding is underway, and TerraFirm’s audit is already surfacing quick wins.',
  '22%', 'Lift in DryRoot''s ad click-through rate', 'New ad copy testing drove a 22% CTR improvement in DryRoot Waterproofing’s search campaigns in the first week live.',
  3, 6, 0, 'All four accounts had a kickoff or check-in call this week; Summit''s onboarding is now fully underway.',
  '2026-06-05'::timestamptz, '2026-06-05'::timestamptz, null, '00000000-0000-0000-0000-000000000001'
) on conflict (id) do nothing;
insert into tasks (id, report_id, client, project_id, task, status, deadline, position) values
  ('r1_t0', 'r1', 'Helitech Foundation & Waterproofing', null, 'Paid social campaign launch', 'Complete', '2026-06-05', 0),
  ('r1_t1', 'r1', 'DryRoot Waterproofing', null, 'Search campaign audit', 'Complete', '2026-06-05', 1),
  ('r1_t2', 'r1', 'Summit Basement Solutions', null, 'Onboarding kickoff call', 'In Progress', '2026-06-12', 2),
  ('r1_t3', 'r1', 'TerraFirm Foundation Repair', null, 'Website conversion audit', 'Complete', '2026-06-05', 3)
on conflict (id) do nothing;
insert into priorities (id, report_id, text, position) values
  ('r1_p0', 'r1', 'Finalize Summit automation scope', 0),
  ('r1_p1', 'r1', 'Launch DryRoot refreshed search campaign', 1),
  ('r1_p2', 'r1', 'Deliver TerraFirm audit findings to client', 2)
on conflict (id) do nothing;

-- Report r2 (weekly)
insert into reports (
  id, kind, week_start, week_end, report_date, status, prepared_for, prepared_by,
  summary_narrative, win_stat, win_label, win_narrative,
  touchpoint_calls, touchpoint_emails, touchpoint_escalations, touchpoints_narrative,
  created_at, updated_at, project_id, owner_id
) values (
  'r2', 'weekly', '2026-06-08', '2026-06-12', null, 'Sent',
  'Christene, Founder', 'Jordan Reyes, Project Manager', 'Momentum continues. TerraFirm''s audit is already paying off, and we caught a data gap at Summit early enough to manage around it.',
  '3', 'Quick-win fixes shipped from the TerraFirm audit', 'TerraFirm''s conversion audit uncovered three fast fixes to their contact form — all three shipped this week, ahead of the full redesign.',
  4, 7, 0, 'Regular check-ins with all accounts; Summit''s data gap was flagged early rather than surfacing later in the automation build.',
  '2026-06-12'::timestamptz, '2026-06-12'::timestamptz, null, '00000000-0000-0000-0000-000000000001'
) on conflict (id) do nothing;
insert into tasks (id, report_id, client, project_id, task, status, deadline, position) values
  ('r2_t0', 'r2', 'DryRoot Waterproofing', null, 'Search campaign live', 'Complete', '2026-06-12', 0),
  ('r2_t1', 'r2', 'Summit Basement Solutions', null, 'CRM discovery & data mapping', 'In Progress', '2026-06-19', 1),
  ('r2_t2', 'r2', 'TerraFirm Foundation Repair', null, 'Audit findings delivered', 'Complete', '2026-06-12', 2),
  ('r2_t3', 'r2', 'Helitech Foundation & Waterproofing', null, 'Q3 planning draft', 'In Progress', '2026-06-19', 3)
on conflict (id) do nothing;
insert into risks (id, report_id, client, project_id, severity, description, next_step, position) values
  ('r2_rk0', 'r2', 'Summit Basement Solutions', null, 'At Risk', 'CRM export from Summit''s previous platform is incomplete, delaying data mapping.', 'Requested a full re-export; following up with their previous vendor directly.', 0)
on conflict (id) do nothing;
insert into priorities (id, report_id, text, position) values
  ('r2_p0', 'r2', 'Complete Summit CRM migration prep', 0),
  ('r2_p1', 'r2', 'Begin TerraFirm landing page redesign', 1),
  ('r2_p2', 'r2', 'Finish Helitech''s Q3 planning document', 2)
on conflict (id) do nothing;

-- Report r3 (weekly)
insert into reports (
  id, kind, week_start, week_end, report_date, status, prepared_for, prepared_by,
  summary_narrative, win_stat, win_label, win_narrative,
  touchpoint_calls, touchpoint_emails, touchpoint_escalations, touchpoints_narrative,
  created_at, updated_at, project_id, owner_id
) values (
  'r3', 'weekly', '2026-06-15', '2026-06-19', null, 'Sent',
  'Christene, Founder', 'Jordan Reyes, Project Manager', 'A quieter week operationally but a big strategic win: Helitech approved an expanded Q3 plan.',
  'Approved', 'Helitech''s Q3 plan, with an expanded ad budget', 'Helitech signed off on the Q3 plan this week, including a 15% budget increase for paid social — the strongest vote of confidence yet.',
  4, 8, 0, 'No escalations this week. Helitech''s planning call ran long in the best way — lots of good questions.',
  '2026-06-19'::timestamptz, '2026-06-19'::timestamptz, null, '00000000-0000-0000-0000-000000000001'
) on conflict (id) do nothing;
insert into tasks (id, report_id, client, project_id, task, status, deadline, position) values
  ('r3_t0', 'r3', 'TerraFirm Foundation Repair', null, 'Landing page wireframes', 'In Progress', '2026-06-26', 0),
  ('r3_t1', 'r3', 'Summit Basement Solutions', null, 'Automation build kickoff', 'In Progress', '2026-06-26', 1),
  ('r3_t2', 'r3', 'Helitech Foundation & Waterproofing', null, 'Q3 plan approved', 'Complete', '2026-06-19', 2),
  ('r3_t3', 'r3', 'DryRoot Waterproofing', null, 'Ad copy A/B testing', 'In Progress', '2026-06-26', 3)
on conflict (id) do nothing;
insert into risks (id, report_id, client, project_id, severity, description, next_step, position) values
  ('r3_rk0', 'r3', 'Summit Basement Solutions', null, 'At Risk', 'CRM data gap from the previous platform is still being resolved.', 'Automation build continues on available data while the export is finalized.', 0)
on conflict (id) do nothing;
insert into priorities (id, report_id, text, position) values
  ('r3_p0', 'r3', 'Ship TerraFirm wireframes for client review', 0),
  ('r3_p1', 'r3', 'Continue Summit''s automation build', 1),
  ('r3_p2', 'r3', 'Launch DryRoot ad copy test', 2)
on conflict (id) do nothing;

-- Report r4 (weekly)
insert into reports (
  id, kind, week_start, week_end, report_date, status, prepared_for, prepared_by,
  summary_narrative, win_stat, win_label, win_narrative,
  touchpoint_calls, touchpoint_emails, touchpoint_escalations, touchpoints_narrative,
  created_at, updated_at, project_id, owner_id
) values (
  'r4', 'weekly', '2026-06-22', '2026-06-26', null, 'Final',
  'Christene, Founder', 'Jordan Reyes, Project Manager', 'Clean week — no open risks, one clear win on DryRoot''s cost-per-click, and TerraFirm''s design phase wrapped.',
  '15%', 'Reduction in DryRoot''s cost-per-click', 'The winning ad variant from this month''s copy testing cut DryRoot''s cost-per-click by 15% — now rolling out account-wide.',
  3, 6, 0, 'TerraFirm''s wireframes were approved without revision — a fast, clean sign-off.',
  '2026-06-26'::timestamptz, '2026-06-26'::timestamptz, null, '00000000-0000-0000-0000-000000000001'
) on conflict (id) do nothing;
insert into tasks (id, report_id, client, project_id, task, status, deadline, position) values
  ('r4_t0', 'r4', 'TerraFirm Foundation Repair', null, 'Landing page wireframes approved', 'Complete', '2026-06-26', 0),
  ('r4_t1', 'r4', 'Summit Basement Solutions', null, 'Automation testing', 'In Progress', '2026-07-03', 1),
  ('r4_t2', 'r4', 'DryRoot Waterproofing', null, 'Ad copy test results reviewed', 'Complete', '2026-06-26', 2),
  ('r4_t3', 'r4', 'Helitech Foundation & Waterproofing', null, 'Ad refresh planning', 'In Progress', '2026-07-03', 3)
on conflict (id) do nothing;
insert into priorities (id, report_id, text, position) values
  ('r4_p0', 'r4', 'Build TerraFirm landing page from approved wireframes', 0),
  ('r4_p1', 'r4', 'Finish Summit''s automation testing', 1),
  ('r4_p2', 'r4', 'Launch Helitech''s ad refresh', 2)
on conflict (id) do nothing;

-- Report r5 (weekly)
insert into reports (
  id, kind, week_start, week_end, report_date, status, prepared_for, prepared_by,
  summary_narrative, win_stat, win_label, win_narrative,
  touchpoint_calls, touchpoint_emails, touchpoint_escalations, touchpoints_narrative,
  created_at, updated_at, project_id, owner_id
) values (
  'r5', 'weekly', '2026-06-29', '2026-07-03', null, 'Draft',
  'Christene, Founder', 'Jordan Reyes, Project Manager', 'Short week ahead of the holiday — this report is still in draft and needs the full round-up before sending.',
  '', '', '',
  2, 4, 0, 'Short week ahead of the holiday.',
  '2026-07-03'::timestamptz, '2026-07-03'::timestamptz, null, '00000000-0000-0000-0000-000000000001'
) on conflict (id) do nothing;
insert into tasks (id, report_id, client, project_id, task, status, deadline, position) values
  ('r5_t0', 'r5', 'TerraFirm Foundation Repair', null, 'Landing page build', 'In Progress', '2026-07-10', 0),
  ('r5_t1', 'r5', 'Summit Basement Solutions', null, 'Automation QA', 'In Progress', '2026-07-10', 1)
on conflict (id) do nothing;
insert into risks (id, report_id, client, project_id, severity, description, next_step, position) values
  ('r5_rk0', 'r5', 'TerraFirm Foundation Repair', null, 'Blocked', 'Landing page build is paused. Waiting on updated project photos and testimonials, requested June 30.', 'Follow-up sent; no response yet.', 0)
on conflict (id) do nothing;
insert into priorities (id, report_id, text, position) values
  ('r5_p0', 'r5', 'Follow up with TerraFirm on outstanding assets', 0)
on conflict (id) do nothing;

-- Report r6 (weekly)
insert into reports (
  id, kind, week_start, week_end, report_date, status, prepared_for, prepared_by,
  summary_narrative, win_stat, win_label, win_narrative,
  touchpoint_calls, touchpoint_emails, touchpoint_escalations, touchpoints_narrative,
  created_at, updated_at, project_id, owner_id
) values (
  'r6', 'weekly', '2026-07-06', '2026-07-10', null, 'Final',
  'Christene, Founder', 'Jordan Reyes, Project Manager', 'Helitech''s ad refresh is already showing results. TerraFirm remains blocked on client assets — escalating this week.',
  '9%', 'Early dip in Helitech''s cost-per-lead', 'Helitech''s refreshed ad creative went live Monday and cost-per-lead is already down 9% in the first week.',
  4, 8, 1, 'One escalation this week: TerraFirm''s asset delay was raised directly on our call.',
  '2026-07-10'::timestamptz, '2026-07-10'::timestamptz, null, '00000000-0000-0000-0000-000000000001'
) on conflict (id) do nothing;
insert into tasks (id, report_id, client, project_id, task, status, deadline, position) values
  ('r6_t0', 'r6', 'Helitech Foundation & Waterproofing', null, 'Ad refresh live', 'Complete', '2026-07-10', 0),
  ('r6_t1', 'r6', 'DryRoot Waterproofing', null, 'Copy testing wrapped', 'Complete', '2026-07-10', 1),
  ('r6_t2', 'r6', 'Summit Basement Solutions', null, 'Automation QA continuing', 'In Progress', '2026-07-17', 2),
  ('r6_t3', 'r6', 'TerraFirm Foundation Repair', null, 'Landing page build', 'Blocked', '2026-07-10', 3)
on conflict (id) do nothing;
insert into risks (id, report_id, client, project_id, severity, description, next_step, position) values
  ('r6_rk0', 'r6', 'TerraFirm Foundation Repair', null, 'Blocked', 'Landing page work is paused. Still waiting on updated project photos and testimonials, requested June 30.', 'Escalating directly with the client this week.', 0),
  ('r6_rk1', 'r6', 'Summit Basement Solutions', null, 'At Risk', 'CRM data gaps are delaying the full GoHighLevel migration.', 'Automation build continues on test data.', 1)
on conflict (id) do nothing;
insert into priorities (id, report_id, text, position) values
  ('r6_p0', 'r6', 'Launch DryRoot''s refreshed search campaign', 0),
  ('r6_p1', 'r6', 'Complete Summit''s automation QA', 1),
  ('r6_p2', 'r6', 'Finalize TerraFirm pending assets', 2),
  ('r6_p3', 'r6', 'Prep Helitech Q3 review', 3)
on conflict (id) do nothing;

-- Report r7 (weekly)
insert into reports (
  id, kind, week_start, week_end, report_date, status, prepared_for, prepared_by,
  summary_narrative, win_stat, win_label, win_narrative,
  touchpoint_calls, touchpoint_emails, touchpoint_escalations, touchpoints_narrative,
  created_at, updated_at, project_id, owner_id
) values (
  'r7', 'weekly', '2026-07-13', '2026-07-17', null, 'Sent',
  'Christene, Founder', 'Jordan Reyes, Project Manager', 'All four active accounts stayed on schedule this week. Paid social and search work moved forward on pace, GoHighLevel automation build-out for Summit is midstream, and TerraFirm’s landing page is paused pending client assets.',
  '18%', 'Drop in Helitech''s cost-per-lead', 'Following Monday''s paid social creative refresh, Helitech Foundation & Waterproofing''s cost-per-lead fell 18% week over week — the strongest result of any account this quarter.',
  4, 9, 1, 'Every active account had a live touchpoint this week. TerraFirm''s asset delay was raised directly on Wednesday''s call and followed up by email Thursday — no response yet.',
  '2026-07-17'::timestamptz, '2026-07-17'::timestamptz, null, '00000000-0000-0000-0000-000000000001'
) on conflict (id) do nothing;
insert into tasks (id, report_id, client, project_id, task, status, deadline, position) values
  ('r7_t0', 'r7', 'Helitech Foundation & Waterproofing', null, 'Paid social creative refresh', 'Complete', '2026-07-17', 0),
  ('r7_t1', 'r7', 'DryRoot Waterproofing', null, 'Search campaign copy testing', 'In Progress', '2026-07-24', 1),
  ('r7_t2', 'r7', 'Summit Basement Solutions', null, 'GoHighLevel pipeline automation', 'In Progress', '2026-07-24', 2),
  ('r7_t3', 'r7', 'TerraFirm Foundation Repair', null, 'Landing page conversion audit', 'Blocked', '2026-07-17', 3),
  ('r7_t4', 'r7', 'Helitech Foundation & Waterproofing', null, 'Monthly performance dashboard', 'Complete', '2026-07-17', 4)
on conflict (id) do nothing;
insert into risks (id, report_id, client, project_id, severity, description, next_step, position) values
  ('r7_rk0', 'r7', 'TerraFirm Foundation Repair', null, 'Blocked', 'Landing page work is paused. We''re waiting on updated project photos and testimonials, requested since June 30.', 'Follow-up sent Thursday; will escalate if no response by Monday.', 0),
  ('r7_rk1', 'r7', 'Summit Basement Solutions', null, 'At Risk', 'The CRM export from Summit''s previous platform is incomplete, delaying the full GoHighLevel data migration.', 'Automation build continues on test data; full migration expected early next week.', 1)
on conflict (id) do nothing;
insert into priorities (id, report_id, text, position) values
  ('r7_p0', 'r7', 'Launch DryRoot Waterproofing''s refreshed search campaign', 0),
  ('r7_p1', 'r7', 'Complete GoHighLevel automation QA for Summit Basement Solutions', 1),
  ('r7_p2', 'r7', 'Finalize TerraFirm''s landing page, pending client asset delivery', 2),
  ('r7_p3', 'r7', 'Kick off Q3 planning call with Helitech Foundation & Waterproofing', 3)
on conflict (id) do nothing;

-- Report d1 (daily)
insert into reports (
  id, kind, week_start, week_end, report_date, status, prepared_for, prepared_by,
  summary_narrative, win_stat, win_label, win_narrative,
  touchpoint_calls, touchpoint_emails, touchpoint_escalations, touchpoints_narrative,
  created_at, updated_at, project_id, owner_id
) values (
  'd1', 'daily', null, null, '2026-07-13', 'Sent',
  'Christene, Founder', 'Jordan Reyes, Project Manager', 'Monday kickoff across all four accounts. TerraFirm''s landing page work remains blocked on client assets.',
  '4', 'Client touchpoints logged today', 'Kicked the week off with a check-in call on every active account.',
  2, 3, 0, 'Monday kickoff calls with Helitech and DryRoot; async check-ins with Summit and TerraFirm.',
  '2026-07-13'::timestamptz, '2026-07-13'::timestamptz, null, '00000000-0000-0000-0000-000000000001'
) on conflict (id) do nothing;
insert into tasks (id, report_id, client, project_id, task, status, deadline, position) values
  ('d1_t0', 'd1', 'Helitech Foundation & Waterproofing', null, 'Paid social creative refresh', 'In Progress', '2026-07-17', 0),
  ('d1_t1', 'd1', 'DryRoot Waterproofing', null, 'Search campaign copy testing', 'In Progress', '2026-07-24', 1),
  ('d1_t2', 'd1', 'Summit Basement Solutions', null, 'GoHighLevel pipeline automation', 'In Progress', '2026-07-24', 2),
  ('d1_t3', 'd1', 'TerraFirm Foundation Repair', null, 'Landing page conversion audit', 'Blocked', '2026-07-17', 3)
on conflict (id) do nothing;
insert into risks (id, report_id, client, project_id, severity, description, next_step, position) values
  ('d1_rk0', 'd1', 'TerraFirm Foundation Repair', null, 'Blocked', 'Landing page work is paused. Waiting on updated project photos and testimonials, requested since June 30.', 'Following up with the client Monday morning.', 0),
  ('d1_rk1', 'd1', 'Summit Basement Solutions', null, 'At Risk', 'The CRM export from Summit''s previous platform is incomplete, delaying the full GoHighLevel data migration.', 'Automation build continues on test data.', 1)
on conflict (id) do nothing;
insert into priorities (id, report_id, text, position) values
  ('d1_p0', 'd1', 'Push Helitech''s creative refresh live', 0),
  ('d1_p1', 'd1', 'Keep pressure on TerraFirm''s asset request', 1)
on conflict (id) do nothing;

-- Report d2 (daily)
insert into reports (
  id, kind, week_start, week_end, report_date, status, prepared_for, prepared_by,
  summary_narrative, win_stat, win_label, win_narrative,
  touchpoint_calls, touchpoint_emails, touchpoint_escalations, touchpoints_narrative,
  created_at, updated_at, project_id, owner_id
) values (
  'd2', 'daily', null, null, '2026-07-14', 'Sent',
  'Christene, Founder', 'Jordan Reyes, Project Manager', 'Helitech''s creative refresh launched and is already showing results. TerraFirm remains blocked.',
  '18%', 'Drop in Helitech''s cost-per-lead', 'The refreshed creative went live this morning and cost-per-lead is already down 18% week over week.',
  1, 2, 0, 'Quick sync with Helitech on the creative launch.',
  '2026-07-14'::timestamptz, '2026-07-14'::timestamptz, null, '00000000-0000-0000-0000-000000000001'
) on conflict (id) do nothing;
insert into tasks (id, report_id, client, project_id, task, status, deadline, position) values
  ('d2_t0', 'd2', 'Helitech Foundation & Waterproofing', null, 'Paid social creative refresh', 'Complete', '2026-07-17', 0),
  ('d2_t1', 'd2', 'DryRoot Waterproofing', null, 'Search campaign copy testing', 'In Progress', '2026-07-24', 1),
  ('d2_t2', 'd2', 'Summit Basement Solutions', null, 'GoHighLevel pipeline automation', 'In Progress', '2026-07-24', 2),
  ('d2_t3', 'd2', 'TerraFirm Foundation Repair', null, 'Landing page conversion audit', 'Blocked', '2026-07-17', 3)
on conflict (id) do nothing;
insert into risks (id, report_id, client, project_id, severity, description, next_step, position) values
  ('d2_rk0', 'd2', 'TerraFirm Foundation Repair', null, 'Blocked', 'Landing page work is paused. Waiting on updated project photos and testimonials, requested since June 30.', 'Follow-up sent Tuesday; no response yet.', 0),
  ('d2_rk1', 'd2', 'Summit Basement Solutions', null, 'At Risk', 'The CRM export from Summit''s previous platform is incomplete, delaying the full GoHighLevel data migration.', 'Automation build continues on test data.', 1)
on conflict (id) do nothing;
insert into priorities (id, report_id, text, position) values
  ('d2_p0', 'd2', 'Monitor Helitech''s refreshed creative performance', 0),
  ('d2_p1', 'd2', 'Escalate TerraFirm asset request if no response by Thursday', 1)
on conflict (id) do nothing;

-- Report d3 (daily)
insert into reports (
  id, kind, week_start, week_end, report_date, status, prepared_for, prepared_by,
  summary_narrative, win_stat, win_label, win_narrative,
  touchpoint_calls, touchpoint_emails, touchpoint_escalations, touchpoints_narrative,
  created_at, updated_at, project_id, owner_id
) values (
  'd3', 'daily', null, null, '2026-07-15', 'Sent',
  'Christene, Founder', 'Jordan Reyes, Project Manager', 'Summit''s automation build wrapped early. Helitech''s new dashboard shipped. TerraFirm remains the one open blocker.',
  '3', 'GoHighLevel automations shipped for Summit', 'Summit''s pipeline automation build wrapped a day ahead of schedule.',
  2, 2, 0, 'Summit automation review call; Helitech dashboard delivered by email.',
  '2026-07-15'::timestamptz, '2026-07-15'::timestamptz, null, '00000000-0000-0000-0000-000000000001'
) on conflict (id) do nothing;
insert into tasks (id, report_id, client, project_id, task, status, deadline, position) values
  ('d3_t0', 'd3', 'Summit Basement Solutions', null, 'GoHighLevel pipeline automation', 'Complete', '2026-07-17', 0),
  ('d3_t1', 'd3', 'Helitech Foundation & Waterproofing', null, 'Monthly performance dashboard', 'Complete', '2026-07-17', 1),
  ('d3_t2', 'd3', 'DryRoot Waterproofing', null, 'Search campaign copy testing', 'In Progress', '2026-07-24', 2)
on conflict (id) do nothing;
insert into risks (id, report_id, client, project_id, severity, description, next_step, position) values
  ('d3_rk0', 'd3', 'TerraFirm Foundation Repair', null, 'Blocked', 'Landing page work is paused. Waiting on updated project photos and testimonials, requested since June 30.', 'Escalating directly with the client this week.', 0)
on conflict (id) do nothing;
insert into priorities (id, report_id, text, position) values
  ('d3_p0', 'd3', 'Kick off Q3 planning call with Helitech', 0),
  ('d3_p1', 'd3', 'Finalize TerraFirm''s landing page pending assets', 1)
on conflict (id) do nothing;

-- Report d4 (daily)
insert into reports (
  id, kind, week_start, week_end, report_date, status, prepared_for, prepared_by,
  summary_narrative, win_stat, win_label, win_narrative,
  touchpoint_calls, touchpoint_emails, touchpoint_escalations, touchpoints_narrative,
  created_at, updated_at, project_id, owner_id
) values (
  'd4', 'daily', null, null, '2026-07-16', 'Sent',
  'Christene, Founder', 'Jordan Reyes, Project Manager', 'DryRoot''s copy test wrapped with a clear winner. One escalation today on TerraFirm''s asset delay.',
  '9%', 'Lift in DryRoot''s search click-through rate', 'The new ad copy variant tested this week is already outperforming the control by 9%.',
  1, 1, 1, 'One escalation: flagged TerraFirm''s asset delay directly with the client on today''s call.',
  '2026-07-16'::timestamptz, '2026-07-16'::timestamptz, null, '00000000-0000-0000-0000-000000000001'
) on conflict (id) do nothing;
insert into tasks (id, report_id, client, project_id, task, status, deadline, position) values
  ('d4_t0', 'd4', 'DryRoot Waterproofing', null, 'Search campaign copy testing', 'Complete', '2026-07-17', 0),
  ('d4_t1', 'd4', 'TerraFirm Foundation Repair', null, 'Landing page conversion audit', 'Blocked', '2026-07-17', 1)
on conflict (id) do nothing;
insert into risks (id, report_id, client, project_id, severity, description, next_step, position) values
  ('d4_rk0', 'd4', 'TerraFirm Foundation Repair', null, 'Blocked', 'Landing page work is paused. Waiting on updated project photos and testimonials, requested since June 30.', 'Follow-up sent Thursday; will escalate if no response by Monday.', 0),
  ('d4_rk1', 'd4', 'Summit Basement Solutions', null, 'At Risk', 'The CRM export from Summit''s previous platform is incomplete, delaying the full GoHighLevel data migration.', 'Automation build finished on test data; full migration expected early next week.', 1)
on conflict (id) do nothing;
insert into priorities (id, report_id, text, position) values
  ('d4_p0', 'd4', 'Prep Helitech Q3 review', 0),
  ('d4_p1', 'd4', 'Finalize TerraFirm''s pending assets', 1)
on conflict (id) do nothing;

-- Report d5 (daily)
insert into reports (
  id, kind, week_start, week_end, report_date, status, prepared_for, prepared_by,
  summary_narrative, win_stat, win_label, win_narrative,
  touchpoint_calls, touchpoint_emails, touchpoint_escalations, touchpoints_narrative,
  created_at, updated_at, project_id, owner_id
) values (
  'd5', 'daily', null, null, '2026-07-17', 'Draft',
  'Christene, Founder', 'Jordan Reyes, Project Manager', 'Short Friday -- wrapping up the week''s open items before end of day.',
  '', '', '',
  0, 1, 0, 'Friday wrap-up email sent to Helitech.',
  '2026-07-17'::timestamptz, '2026-07-17'::timestamptz, null, '00000000-0000-0000-0000-000000000001'
) on conflict (id) do nothing;
insert into tasks (id, report_id, client, project_id, task, status, deadline, position) values
  ('d5_t0', 'd5', 'Helitech Foundation & Waterproofing', null, 'Monthly performance dashboard', 'Complete', '2026-07-17', 0),
  ('d5_t1', 'd5', 'Summit Basement Solutions', null, 'GoHighLevel pipeline automation', 'Complete', '2026-07-17', 1),
  ('d5_t2', 'd5', 'TerraFirm Foundation Repair', null, 'Landing page conversion audit', 'Blocked', '2026-07-17', 2),
  ('d5_t3', 'd5', 'DryRoot Waterproofing', null, 'Monthly recap prep', 'In Progress', '2026-07-24', 3)
on conflict (id) do nothing;
